
-- New Set of Tables
-- LOGIN CREDENTIALS
CREATE TABLE IF NOT EXISTS LoginCredentials (
	email VARCHAR (100) PRIMARY KEY,
    password VARCHAR (256)
);

-- Table 1: Customer Information
CREATE TABLE IF NOT EXISTS Customer (
	customer_id INT AUTO_INCREMENT PRIMARY KEY,
    first_name VARCHAR(50),
    last_name VARCHAR(50),
    email VARCHAR(100) UNIQUE,
    phone_number VARCHAR(20),
    delivery_address TEXT,
    FOREIGN KEY (email) REFERENCES LoginCredentials (email)
);

-- Table 2: Supplier Information
CREATE TABLE IF NOT EXISTS Supplier (
	supplier_id INT AUTO_INCREMENT PRIMARY KEY,
    supplier_fname VARCHAR(50),
    supplier_lname VARCHAR(50),
    email VARCHAR(100) UNIQUE,
    phone VARCHAR(20),
    address TEXT,
    supplier_rating DECIMAL(2, 1) CHECK (supplier_rating BETWEEN 0 and 5),
    FOREIGN KEY (email) REFERENCES LoginCredentials (email)
);

-- Table 3: Manufacturer Information
CREATE TABLE IF NOT EXISTS Manufacturer (
	manufacturer_id INT AUTO_INCREMENT PRIMARY KEY,
    manufacturer_name VARCHAR(50),
    address TEXT
);

-- Table 4: Item Entity
CREATE TABLE IF NOT EXISTS Item (
	item_id INT AUTO_INCREMENT PRIMARY KEY,
    name VARCHAR(100),
    manufacturer_id INT,
    srp DECIMAL (10, 2),
    manu_price DECIMAL (10,2),
    description TEXT,
    FOREIGN KEY (manufacturer_id) REFERENCES Manufacturer (manufacturer_id)
);

-- Table 9: Supplier Inventory
CREATE TABLE IF NOT EXISTS Inventory (
    inventory_entry_id INT AUTO_INCREMENT PRIMARY KEY,
    item_id INT,
    supplier_id INT,
    quantity INT,
    price DECIMAL(10,2),
    FOREIGN KEY (item_id) REFERENCES Item(item_id),
    FOREIGN KEY (supplier_id) REFERENCES Supplier(supplier_id)
);

-- Table 5: Shopping Cart
CREATE TABLE IF NOT EXISTS ShoppingCart (
	shoppingcart_id INT AUTO_INCREMENT PRIMARY KEY,
    customer_id INT,
    inventory_entry_id INT,
    quantity INT,
    FOREIGN KEY (customer_id) REFERENCES Customer (customer_id),
    FOREIGN KEY (inventory_entry_id) REFERENCES Inventory (inventory_entry_id)
);

-- Table 6: Wishlist
CREATE TABLE IF NOT EXISTS Wishlist (
	wishlist_id INT AUTO_INCREMENT PRIMARY KEY,
    customer_id INT,
    inventory_entry_id INT,
    FOREIGN KEY (customer_id) REFERENCES Customer (customer_id),
    FOREIGN KEY (inventory_entry_id) REFERENCES Inventory (inventory_entry_id)
);

-- Table 7: Buyer Order Information
-- receipt 
CREATE TABLE IF NOT EXISTS BuyerOrderInfo (
	buyer_order_information_id INT AUTO_INCREMENT PRIMARY KEY,
    shoppingcart_id INT,
    order_date DATE,
    total_amount DECIMAL (10, 2),
    status ENUM ('Pending', 'Completed', 'Cancelled', 'Returned'),
    FOREIGN KEY (shoppingcart_id) REFERENCES ShoppingCart (shoppingcart_id)
);

-- Table 8: Buyer Order Item
-- has a weak entity relationship with buyer order information
CREATE TABLE IF NOT EXISTS BuyerOrderItem (
	buyer_order_item_id INT AUTO_INCREMENT PRIMARY KEY,
	buyer_order_information_id INT,
    price_at_order DECIMAL (10, 2),
    FOREIGN KEY (buyer_order_information_id) REFERENCES BuyerOrderInfo(buyer_order_information_id)
);

-- Table 10: Supplier Order Information
CREATE TABLE IF NOT EXISTS SupplierOrderInfo (
	supplier_order_id INT AUTO_INCREMENT PRIMARY KEY,
    supplier_id INT,
    order_date DATE,
    manufacturer_id INT,
    total_amount DECIMAL (10, 2),
    status ENUM ('Pending', 'Completed', 'Cancelled', 'Returned'),
    FOREIGN KEY (supplier_id) REFERENCES Supplier (supplier_id),
    FOREIGN KEY (manufacturer_id) REFERENCES Manufacturer (manufacturer_id)
);

-- Table 11: Supplier Order Item
CREATE TABLE IF NOT EXISTS SupplierOrderItem (
	supplier_order_detail_id INT AUTO_INCREMENT PRIMARY KEY,
    supplier_order_id INT,
    item_id INT,
    quantity INT,
    price_at_order DECIMAL (10, 2),
    FOREIGN KEY (supplier_order_id) REFERENCES SupplierOrderInfo (supplier_order_id),
    FOREIGN KEY (item_id) REFERENCES Item(item_id)
);

-- Table 12: Buyer Order Payment
CREATE TABLE IF NOT EXISTS BuyerOrderPayment (
	payment_id INT AUTO_INCREMENT PRIMARY KEY,
    buyer_order_information_id INT,
    payment_date DATE,
    payment_mode ENUM ('Cash on Delivery', 'Online Payment', 'Credit Card', 'Debit Card'),
    payment_status ENUM ('Unpaid', 'Paid', 'Refunded'),
    FOREIGN KEY (buyer_order_information_id) REFERENCES BuyerOrderInfo (buyer_order_information_id)
);

-- Table 13: Supplier Order Payment
CREATE TABLE IF NOT EXISTS SupplierOrderPayment (
    payment_id INT AUTO_INCREMENT PRIMARY KEY,
    supplier_order_id INT,
    payment_date DATE,
    payment_mode ENUM ('Cash on Delivery', 'Online Payment', 'Credit Card', 'Debit Card'),
    payment_status ENUM ('Unpaid', 'Paid', 'Refunded'),
    FOREIGN KEY (supplier_order_id) REFERENCES SupplierOrderInfo (supplier_order_id)
);
    

    



INSERT INTO Manufacturer (manufacturer_id, manufacturer_name, address)
VALUES
(1,'Bandai','Brgy. San Lucas, LIMA Technology Center, Lipa, 4217 Batangas'),
(2,'The Pokémon Company','10400 NE 4th St, Ste 2800, Bellevue, WA 98004, US'),
(3,'Hirono','17 Irroyo Sector Bayani Corner, Quezon City'),
(4,'Labubu','58 Ninoy Drive, Clark South District, Pampanga'),
(5,'Sonny Angels','93 Lumina Avenue, 9th District, Angeles'),
(6,'Smiski','309 Valencia Road, Neo Assembly Plant, Laguna');

INSERT INTO LoginCredentials (email, password)
VALUES
('admin@gmail.com','password'),
('johndoe@gmail.com','Sunshine2024'),
('mmorales@stark.com','CoffeeAddict22'),
('janesmith@yahoo.com','WinterSnowflake'),
('redhood@wayne.com','HappyDay1234'),
('adamsmasher@arasaka.com','SummerFun2023'),
('lucyk@arasaka.com','RainbowColors'),
('sundayoak@dreamscape.com','HelloWorld99'),
('ottooctavius@oscorp.com','ChocolateLover'),
('ebrock@dailybugle.com','BlueSky2023'),
('notbatman@wayne.com','OceanWaves22'),
('slang@stark.com','LuckyStar77'),
('weltyang@astral.com','FlowerPower'),
('acheron@honkai.com','DreamBig2024'),
('bronyarand@belobog.com','PurpleRain66'),
('lynxlandau@belobog.com','DancingQueen'),
('gepardlandau@silvermane.com','LazySunday123'),
('qbeck@stark.com','ChillVibes99'),
('servalll@belobog.com','FreshStart22'),
('lukaapowa@belobog.com','GoldenHour23'),
('leonkennedy@rcpd.com','CozyCorner12'),
('gwenstacy@oscorp.com','LoveMusic88'),
('pelasergey@silvermane.com','WildFlower'),
('sampoo@maskedfool.com','PastaLover01'),
('erenyeager@paradis.com','Cupcake1234'),
('pparker@dailybugle.com','SparkleStar'),
('kkaneki@anteiku.com','MyDogBuddy'),
('davidmartinez@netrun.com','PizzaTime77'),
('karima@ccg.com','IceCream22'),
('danheng@astral.com','CuddleBear'),
('curtisconnors@oscorp.com','JellyBean88'),
('franzkafka@yahoo.com','HeroJourney1'),
('osamudazai@yahoo.com','SmoothieFan'),
('nightwing@wayne.com','FamilyTime23'),
('ckent@dailyplanet.com','RelaxMode99'),
('theflash@jump.com','NewAdventure'),
('himekomurata@astral.com','JustSmile01'),
('jcon@myspace.com','FunInTheSun'),
('lukeskywalker@gmail.com','MovieNight88'),
('jjonahjameson@dailybugle.com','SmartCookie'),
('vader@empire.com','GamerLife77'),
('purpleguy@freddys.com','HelloKitty66'),
('wubbalubba@dubdub.com','LightHouse1'),
('cook@albuquerque.com','BananaSplit'),
('vhellsing@myspace.com','PeacefulMind'),
('mjane@dailybugle.com','ForeverYoung'),
('tonystark@stark.com','GoodVibes01'),
('adawong@raccoon.com','HikerTrails'),
('monkey@jjk.com','SunsetGlow'),
('reader@orv.com','EasyPeasy12'),
('purple@jjk.com','Rainbow99'),
('dom@fnf.com','StarryNight'),
('isagi@bluelock.com','WeekendFun'),
('rukiak@soul.com','BookWorm01'),
('ichigok@soul.com','MountainView'),
('uryuishida@quincy.com','TravelBug88'),
('orihihi@soul.com','CoolBreeze'),
('kurahara@soul.com','FreshAir77'),
('hatsunemiku@vocaloid.com','HomeSweet22'),
('deanyu@bumble.com','LazyAfternoon'),
('pgrif@quahog.com','LoveLife123'),
('emma.johnson@gmail.com','PuppyLove88'),
('liam.miller@yahoo.com','SimpleLife22'),
('olivia.williams@outlook.com','QuickFox01'),
('noah.davis@gmail.com','ChillTime77'),
('ava.garcia@hotmail.com','SillyGoose'),
('sophia.rodriguez@yahoo.com','StayStrong'),
('jackson.martinez@aol.com','CalmWaters'),
('mia.hernandez@outlook.com','BrighterDays'),
('lucas.lopez@gmail.com','Chocolate77'),
('amelia.gonzalez@yahoo.com','TropicalVibes'),
('elijah.perez@hotmail.com','CatLady123'),
('isabella.wilson@aol.com','LuckyDay01'),
('ethan.anderson@gmail.com','LemonPie99'),
('harper.thomas@yahoo.com','SunsetSky'),
('james.jackson@outlook.com','AppleCrisp22'),
('charlotte.white@hotmail.com','SleepyBear'),
('benjamin.lee@gmail.com','RainbowSprinkles'),
('mason.young@aol.com','CoolDude77'),
('amos.king@yahoo.com','NatureWalk'),
('ella.scott@outlook.com','FunJourney'),
('henry.wright@hotmail.com','HappySoul22'),
('zoe.lopez@gmail.com','LaughOutLoud'),
('alexander.hill@aol.com','SugarRush01'),
('aiden.adams@yahoo.com','SweetEscape'),
('lily.baker@gmail.com','GoldenDreams'),
('daniel.nelson@hotmail.com','CozyTimes77'),
('grace.carter@aol.com','SmileyFace99'),
('jack.mitchell@yahoo.com','CampFire22'),
('scarlett.perez@outlook.com','NewHorizon'),
('isaac.roberts@gmail.com','SafeHaven01'),
('chloe.evans@aol.com','EpicAdventure'),
('samuel.murphy@yahoo.com','HappyFamily'),
('victoria.ross@hotmail.com','SmoothRide'),
('gabriel.ward@aol.com','RelaxZone22'),
('layla.harris@gmail.com','WarmHug88'),
('david.cooper@outlook.com','PeacefulVibes'),
('juliana.bennett@yahoo.com','CalmOasis01'),
('jackson.murphy@hotmail.com','FreshStart77'),
('madison.james@aol.com','ShinyStar22'),
('moodeng@viet.com','SunshineGlow'),
('andres.martinez@gmail.com','BrightFuture22'),
('maria.garcia@gmail.com','MagicMoments'),
('jose.reyes@gmail.com','SunnySide88'),
('lia.cruz@gmail.com','HappyTurtle'),
('juan.delacruz@gmail.com','GoForIt2023'),
('sofia.bautista@gmail.com','StarLight66'),
('marco.santos@gmail.com','QuietTime99'),
('liza.flores@gmail.com','FlowerGarden'),
('antonio.morales@gmail.com','WeekendVibes'),
('angela.villanueva@gmail.com','CozyCloud12'),
('carlos.alvarez@gmail.com','IslandDream'),
('ella.aguilar@gmail.com','SummerBreeze'),
('rafael.ocampo@gmail.com','ChillZone77'),
('angelica.pineda@gmail.com','OceanView23'),
('leo.rondona@gmail.com','RoadTrip88'),
('isabella.deleon@gmail.com','PuppyPals22'),
('martin.natividad@gmail.com','GoGetIt123'),
('christine.salvador@gmail.com','Lemonade22'),
('noel.santos@gmail.com','FrostyMorning'),
('ruth.aguinaldo@gmail.com','CityLights99'),
('bong.pineda@gmail.com','SugarCube01'),
('trisha.alcantara@gmail.com','BakingFun123'),
('alvin.torres@gmail.com','SuperStar77'),
('yvette.rosales@gmail.com','YogaTime99'),
('kevin.velasco@gmail.com','FreshMint23'),
('wendy.canto@gmail.com','BubbleTea22'),
('patricia.ibanez@gmail.com','PureBliss12'),
('miguel.bacani@gmail.com','CosmicJourney'),
('cathy.manalo@gmail.com','FunkyTown99'),
('gerry.macapagal@gmail.com','PineTree66'),
('nina.velasquez@gmail.com','SecretGarden'),
('ronnie.limon@gmail.com','MyFavorite77'),
('chloe.fernando@gmail.com','FairyDust22'),
('ben.chua@gmail.com','LaughingFox'),
('diana.lim@gmail.com','CookieJar23'),
('eric.panganiban@gmail.com','CoolBunny99'),
('leah.tiongson@gmail.com','CloudNine12'),
('rico.valenzuela@gmail.com','ShinyThings'),
('lourdes.riviera@gmail.com','DreamCloud77'),
('lino.gonzales@gmail.com','SweetDreams01'),
('lia.dejesus@gmail.com','BigAdventure'),
('sam.zamora@gmail.com','IceCream88'),
('tina.mendoza@gmail.com','NatureLover'),
('nico.delossantos@gmail.com','SmileMore22'),
('ella.sison@gmail.com','CalmDays123'),
('pia.noble@gmail.com','StarGazer99'),
('rafael.sumulong@gmail.com','PeaceLove12'),
('karla.fernandez@gmail.com','RainbowTrail'),
('vince.alba@gmail.com','FreshJuice23'),
('jade.mabini@gmail.com','ForestWalk88'),
('diego.nuno@gmail.com','LazyAfternoon'),
('jasmine.alcantara@gmail.com','MovieBuff22'),
('chloe.liu@gmail.com','EpicVibes77'),
('philip.wong@gmail.com','SnuggleBear'),
('nina.chua@gmail.com','PurpleGalaxy'),
('alvin.roxas@gmail.com','LittleStar99'),
('samantha.cimafranca@gmail.com','ChillAndRelax'),
('dave.pia@gmail.com','LoveNature22'),
('karla.gonzalez@gmail.com','ShineBright01'),
('melanie.ayala@gmail.com','FunInNature'),
('fernando.salazar@gmail.com','HikerGoals77'),
('kathy.ponce@gmail.com','MorningGlow'),
('rick.salas@gmail.com','SweetCitrus'),
('may.rivera@gmail.com','GoldenTime88'),
('winston.santos@gmail.com','CozyMoments'),
('cherry.santiago@gmail.com','TwilightSky22'),
('elijah.montalbo@gmail.com','MagicWand77'),
('trisha.pangalangan@gmail.com','FlowerPower12'),
('ariana.villafuerte@gmail.com','MyBestLife99'),
('miguel.estrella@gmail.com','MusicLover88'),
('jade.rafael@gmail.com','GoldenSun23'),
('ella.panganiban@gmail.com','FriendlyFox'),
('clara.ricardo@gmail.com','HappyTrails');

INSERT INTO Customer (first_name, last_name, email, phone_number, delivery_address)
VALUES
('John', 'Doe', 'johndoe@gmail.com', '123-456-7890', '123 Main St'),
('Miles', 'Morales', 'mmorales@stark.com', '847-712-1683', 'Stark Tower'),
('Jane', 'Smith', 'janesmith@yahoo.com', '987-654-3210', '456 Elm St'),
('Jason', 'Todd', 'redhood@wayne.com', '410-608-8293', 'Wayne Manor'),
('Adam', 'Smasher', 'adamsmasher@arasaka.com', '493-936-9846', '1231 Arasaka Tower'),
('Lucyna', 'Kushinada', 'lucyk@arasaka.com', '703-008-2742', '96 District Tower'),
('Sunday', 'Oak', 'sundayoak@dreamscape.com', '777-777-7777', '197 The Reverie'),
('Otto', 'Octavius', 'ottooctavius@oscorp.com', '888-888-8888', '72 Oscorp Research Center'),
('Eddie', 'Brock', 'ebrock@dailybugle.com', '348-916-6398', '58 Bugle Building'),
('Bruce', 'Wayne', 'notbatman@wayne.com', '847-847-8475', 'Wayne Manor'),
('Scott', 'Lang', 'slang@stark.com', '729-913-1070', 'Stark Tower'),
('Welt', 'Yang', 'weltyang@astral.com', '100-000-0000', 'Astral Express'),
('Raiden', 'Mei', 'acheron@honkai.com', '000-468-9462', '13 Epsilon Avenue'),
('Bronya', 'Rand', 'bronyarand@belobog.com', '794-519-5296', 'Architect Hall'),
('Lynx', 'Landau', 'lynxlandau@belobog.com', '562-497-1435', 'Snowhill Plains'),
('Gepard', 'Landau', 'gepardlandau@silvermane.com', '820-957-0818', 'Flats Outpost'),
('Quentin', 'Beck', 'qbeck@stark.com', '028-173-0371', 'Stark Tower'),
('Serval', 'Landau', 'servalll@belobog.com', '057-179-3975', 'Neverwinter'),
('Luka', 'Strongarm', 'lukaapowa@belobog.com', '572-158-9076', 'Fight Club'),
('Leon', 'Kennedy', 'leonkennedy@rcpd.com', '769-297-1302', '19 Raccoon St.'),
('Gwen', 'Stacy', 'gwenstacy@oscorp.com', '451-995-2638', '29 Oscorp Research Center'),
('Pelageya', 'Sergeyevna', 'pelasergey@silvermane.com', '889-048-1468', 'Flats Outpost'),
('Sampo', 'Koski', 'sampoo@maskedfool.com', '444-018-6529', 'Snowhill Plains'),
('Eren', 'Yeager', 'erenyeager@paradis.com', '011-978-5270', '42 Maria Wall'),
('Peter', 'Parker', 'pparker@dailybugle.com', '675-294-0237', '58 Bugle Building'),
('Ken', 'Kaneki', 'kkaneki@anteiku.com', '100-700-1000', '17th Ward Dormitory'),
('David', 'Martinez', 'davidmartinez@netrun.com', '957-295-6391', '96 District Tower'),
('Kishou', 'Arima', 'karima@ccg.com', '562-075-0819', '1966 CCG Headquarters'),
('Dan', 'Heng', 'danheng@astral.com', '795-539-1973', 'Astral Express'),
('Curtis', 'Connors', 'curtisconnors@oscorp.com', '623-946-4562', '31 Oscorp Research Center'),
('Franz', 'Kafka', 'franzkafka@yahoo.com', '363-057-1479', '42 Kierling St.'),
('Osamu', 'Dazai', 'osamudazai@yahoo.com', '791-429-9741', '94 Kanagi District'),
('Dick', 'Grayson', 'nightwing@wayne.com', '204-297-1497', 'Wayne Manor'),
('Clark', 'Kent', 'ckent@dailyplanet.com', '509-320-4298', '1320 Daily Planet'),
('Barry', 'Allen', 'theflash@jump.com', '555-222-5555', '77 Jump St.'),
('Himeko', 'Murata', 'himekomurata@astral.com', '412-530-7639', 'Astral Express'),
('John', 'Constantine', 'jcon@myspace.com', '130-666-1398', '60 Baptist St.'),
('Luke', 'Skywalker', 'lukeskywalker@gmail.com', '420-108-5379', '17 Tatooine Drive'),
('John Jonah', 'Jameson', 'jjonahjameson@dailybugle.com', '719-364-8356', '58 Bugle Building'),
('Anakin', 'Skywalker', 'vader@empire.com', '428-420-1968', '89 Death Star'),
('Michael', 'Afton', 'purpleguy@freddys.com', '429-083-2144', '67 Freddy Pizzeria'),
('Rick', 'Sanchez', 'wubbalubba@dubdub.com', '891-230-1089', '22 Orchard Drive'),
('Walter', 'White', 'cook@albuquerque.com', '429-407-1197', '308 Negra Arroyo Lane'),
('Van', 'Hellsing', 'vhellsing@myspace.com', '149-938-0489', 'Roman Avenue'),
('Mary', 'Jane', 'mjane@dailybugle.com', '618-957-9372', '58 Bugle Building'),
('Tony', 'Stark', 'tonystark@stark.com', '902-178--0283', 'Stark Tower'),
('Ada', 'Wong', 'adawong@raccoon.com', '893-319-9479', '19 Raccoon St.'),
('Suguru', 'Geto', 'monkey@jjk.com', '420-104-8958', 'Jujutsu Technical College'),
('Dokja', 'Kim', 'reader@orv.com', '049-051-4951', 'Seoul Dome'),
('Satoru', 'Gojo', 'purple@jjk.com', '410-050-5050', 'Jujutsu Technical College'),
('Dominic', 'Toretto', 'dom@fnf.com', '539-249-9063', '48 Los Ricos St.'),
('Isagi', 'Yoichi', 'isagi@bluelock.com', '892-139-1397', '7th Hiraga Road'),
('Rukia', 'Kuchiki', 'rukiak@soul.com', '108-249-1379', '10 Selaz Drive'),
('Ichigo', 'Kurosaki', 'ichigok@soul.com', '950-134-6491', '13 Soul Society'),
('Uryu', 'Ishida', 'uryuishida@quincy.com', '411-439-5397', '9 Akiwara Drive'),
('Orihime', 'Inoue', 'orihihi@soul.com', '429-131-5491', '2 Akudama Drive'),
('Kisuke', 'Urahara', 'kurahara@soul.com', '359-139-5497', 'Hara Avenue'),
('Miku', 'Hatsune', 'hatsunemiku@vocaloid.com', '452-962-9537', '99 Miku Building'),
('Dean', 'Yu', 'deanyu@bumble.com', '520-123-6048', '1 Deans Corporation'),
('Peter', 'Griffin', 'pgrif@quahog.com', '530-234-6498', '12 Hog St.'),
('Emma', 'Johnson', 'emma.johnson@gmail.com', '408-555-1010', '123 Oak St'),
('Liam', 'Miller', 'liam.miller@yahoo.com', '510-555-1020', '456 Pine St'),
('Olivia', 'Williams', 'olivia.williams@outlook.com', '650-555-1030', '789 Maple Ave'),
('Noah', 'Davis', 'noah.davis@gmail.com', '408-555-1040', '101 Elm St'),
('Ava', 'Garcia', 'ava.garcia@hotmail.com', '415-555-1050', '202 Birch Rd'),
('Sophia', 'Rodriguez', 'sophia.rodriguez@yahoo.com', '510-555-1060', '303 Cedar Blvd'),
('Jackson', 'Martinez', 'jackson.martinez@aol.com', '925-555-1070', '404 Oak Dr'),
('Mia', 'Hernandez', 'mia.hernandez@outlook.com', '650-555-1080', '505 Pine Ln'),
('Lucas', 'Lopez', 'lucas.lopez@gmail.com', '707-555-1090', '606 Maple St'),
('Amelia', 'Gonzalez', 'amelia.gonzalez@yahoo.com', '408-555-1100', '707 Cedar St'),
('Elijah', 'Perez', 'elijah.perez@hotmail.com', '925-555-1110', '808 Birch Dr'),
('Isabella', 'Wilson', 'isabella.wilson@aol.com', '415-555-1120', '909 Oak Ln'),
('Ethan', 'Anderson', 'ethan.anderson@gmail.com', '510-555-1130', '1011 Pine Blvd'),
('Harper', 'Thomas', 'harper.thomas@yahoo.com', '650-555-1140', '1212 Maple Dr'),
('James', 'Jackson', 'james.jackson@outlook.com', '707-555-1150', '1313 Cedar Ave'),
('Charlotte', 'White', 'charlotte.white@hotmail.com', '408-555-1160', '1414 Birch Rd'),
('Benjamin', 'Lee', 'benjamin.lee@gmail.com', '925-555-1170', '1515 Oak Blvd'),
('Mason', 'Young', 'mason.young@aol.com', '510-555-1180', '1616 Pine Ln'),
('Amos', 'King', 'amos.king@yahoo.com', '650-555-1190', '1717 Maple Ave'),
('Ella', 'Scott', 'ella.scott@outlook.com', '707-555-1200', '1818 Cedar Dr'),
('Henry', 'Wright', 'henry.wright@hotmail.com', '925-555-1210', '1919 Birch St'),
('Zoe', 'Lopez', 'zoe.lopez@gmail.com', '510-555-1220', '2020 Oak Ln'),
('Alexander', 'Hill', 'alexander.hill@aol.com', '650-555-1230', '2121 Pine Blvd'),
('Aiden', 'Adams', 'aiden.adams@yahoo.com', '707-555-1240', '2222 Maple Dr'),
('Lily', 'Baker', 'lily.baker@gmail.com', '925-555-1250', '2323 Cedar Ave'),
('Daniel', 'Nelson', 'daniel.nelson@hotmail.com', '510-555-1260', '2424 Birch Ln'),
('Grace', 'Carter', 'grace.carter@aol.com', '650-555-1270', '2525 Oak St'),
('Jack', 'Mitchell', 'jack.mitchell@yahoo.com', '707-555-1280', '2626 Pine Rd'),
('Scarlett', 'Perez', 'scarlett.perez@outlook.com', '925-555-1290', '2727 Maple Blvd'),
('Isaac', 'Roberts', 'isaac.roberts@gmail.com', '408-555-1300', '2828 Cedar Dr'),
('Chloe', 'Evans', 'chloe.evans@aol.com', '650-555-1310', '2929 Birch Ave'),
('Samuel', 'Murphy', 'samuel.murphy@yahoo.com', '707-555-1320', '3030 Oak Blvd'),
('Victoria', 'Ross', 'victoria.ross@hotmail.com', '925-555-1330', '3131 Pine Ln'),
('Gabriel', 'Ward', 'gabriel.ward@aol.com', '510-555-1340', '3232 Maple Ave'),
('Layla', 'Harris', 'layla.harris@gmail.com', '650-555-1350', '3333 Cedar Blvd'),
('David', 'Cooper', 'david.cooper@outlook.com', '707-555-1360', '3434 Birch St'),
('Juliana', 'Bennett', 'juliana.bennett@yahoo.com', '925-555-1370', '3535 Oak Dr'),
('Jackson', 'Murphy', 'jackson.murphy@hotmail.com', '408-555-1380', '3636 Pine Blvd'),
('Madison', 'James', 'madison.james@aol.com', '650-555-1390', '3737 Maple Rd'),
('Moo', 'Deng', 'moodeng@viet.com', '305-529-2429', 'Khao Kheow Open Zoo');

INSERT INTO Item (name, manufacturer_id, srp, manu_price, description)
VALUES
('RG RX-78-2 Gundam', 1, 29.99, 25.49, 'Real Grade model of the classic RX-78-2 Gundam.'),
('HGUC Zaku II', 1, 19.99, 16.99, 'High Grade model of the iconic Zaku II.'),
('MG RX-0 Unicorn Gundam', 1, 74.99, 63.74, 'Master Grade Unicorn Gundam with transformation feature.'),
('PG 00 Raiser', 1, 199.99, 169.99, 'Perfect Grade model of 00 Raiser with detailed components.'),
('HG Wing Gundam', 1, 25.99, 22.09, 'High Grade model of the Wing Gundam.'),
('MG Exia', 1, 64.99, 55.24, 'Master Grade Exia model with multiple weapons.'),
('HG Aile Strike Gundam', 1, 22.99, 19.54, 'High Grade Aile Strike Gundam model.'),
('RG Sazabi', 1, 34.99, 29.74, 'Real Grade model of Sazabi.'),
('HG GM Sniper II', 1, 27.99, 23.79, 'High Grade model of GM Sniper II.'),
('MG Sinanju', 1, 89.99, 76.49, 'Master Grade Sinanju model with intricate design.'),
('HG RX-78-2 Gundam (Revive)', 1, 19.99, 16.99, 'Updated High Grade model of RX-78-2.'),
('HG Dom', 1, 24.99, 21.24, 'High Grade model of the Dom.'),
('MG Tallgeese', 1, 54.99, 46.74, 'Master Grade Tallgeese model from Gundam Wing.'),
('HG Barbatos', 1, 22.99, 19.54, 'High Grade model of Barbatos from Iron-Blooded Orphans.'),
('MG Gundam AGE-1', 1, 59.99, 50.99, 'Master Grade Gundam AGE-1 with detailed mechanics.'),
('Pikachu (Base Set)', 2, 5.99, 5.39, 'Classic Pikachu card from Base Set.'),
('Charizard (Base Set)', 2, 299.99, 269.99, 'Rare Charizard card from Base Set.'),
('Mewtwo (Base Set)', 2, 24.99, 22.49, 'Powerful Mewtwo card from Base Set.'),
('Eevee (Evolutions)', 2, 9.99, 8.99, 'Eevee card with multiple evolutions.'),
('Gyarados (Shiny)', 2, 49.99, 44.99, 'Shiny Gyarados card from XY series.'),
('Lucario (XY)', 2, 14.99, 13.49, 'Lucario card from XY series.'),
('Dragonite (Base Set)', 2, 19.99, 17.99, 'Dragonite card from Base Set.'),
('Greninja (XY)', 2, 12.99, 11.69, 'Greninja card with unique abilities.'),
('Zygarde (XY)', 2, 8.99, 8.09, 'Zygarde card from XY series.'),
('Umbreon (Evolutions)', 2, 39.99, 35.99, 'Rare Umbreon card from Evolutions.'),
('Alakazam (Base Set)', 2, 29.99, 26.99, 'Powerful psychic Pokémon card.'),
('Snorlax (Base Set)', 2, 24.99, 22.49, 'Classic Snorlax card from Base Set.'),
('Blastoise (Base Set)', 2, 89.99, 80.99, 'Iconic Blastoise card with high defense.'),
('Venusaur (Base Set)', 2, 49.99, 44.99, 'Strong Grass-type Pokémon card.'),
('Raichu (Base Set)', 2, 19.99, 17.99, 'Electric-type evolution of Pikachu.'),
('Hirono Doll - Red', 3, 14.99, 13.04, 'Cute red Hirono plush doll.'),
('Hirono Doll - Blue', 3, 14.99, 13.04, 'Adorable blue Hirono plush doll.'),
('Hirono Keychain', 3, 6.99, 6.08, 'Hirono themed keychain.'),
('Hirono Cup', 3, 12.99, 11.30, 'Hirono themed cup for drinks.'),
('Hirono T-shirt', 3, 19.99, 17.39, 'T-shirt featuring Hirono design.'),
('Hirono Hat', 3, 18.99, 16.52, 'Stylish Hirono cap.'),
('Hirono Backpack', 3, 29.99, 26.09, 'Backpack with Hirono design.'),
('Hirono Notebook', 3, 9.99, 8.69, 'Notebook featuring Hirono artwork.'),
('Hirono Stickers', 3, 4.99, 4.34, 'Set of Hirono stickers.'),
('Hirono Mug', 3, 10.99, 9.56, 'Mug with Hirono graphic.'),
('Labubu Plush - Pink', 4, 15.99, 13.27, 'Soft pink Labubu plush toy.'),
('Labubu Plush - Blue', 4, 15.99, 13.27, 'Soft blue Labubu plush toy.'),
('Labubu Figure', 4, 29.99, 24.89, 'Collectible Labubu figure.'),
('Labubu Tote Bag', 4, 19.99, 16.59, 'Tote bag featuring Labubu design.'),
('Labubu Pencil Case', 4, 8.99, 7.46, 'Pencil case with Labubu theme.'),
('Labubu Phone Case', 4, 12.99, 10.78, 'Phone case with Labubu graphics.'),
('Labubu Wall Art', 4, 24.99, 20.74, 'Art print featuring Labubu.'),
('Labubu Keychain', 4, 6.99, 5.80, 'Labubu themed keychain.'),
('Labubu Sticker Set', 4, 5.99, 4.97, 'Set of stickers featuring Labubu.'),
('Labubu Cap', 4, 18.99, 15.76, 'Cap with Labubu design.'),
('Sonny Angel - Series 1', 5, 9.99, 8.79, 'Collectible figure from Series 1.'),
('Sonny Angel - Animal Series', 5, 12.99, 11.43, 'Animal themed Sonny Angel figure.'),
('Sonny Angel - Garden Series', 5, 12.99, 11.43, 'Garden themed Sonny Angel figure.'),
('Sonny Angel - Seasonal Series', 5, 12.99, 11.43, 'Seasonal themed Sonny Angel figure.'),
('Sonny Angel - Rare Edition', 5, 19.99, 17.59, 'Limited edition rare Sonny Angel.'),
('Sonny Angel - Superhero Series', 5, 14.99, 13.19, 'Superhero themed Sonny Angel figure.'),
('Sonny Angel - Sports Series', 5, 14.99, 13.19, 'Sports themed Sonny Angel figure.'),
('Sonny Angel - Birthday Series', 5, 14.99, 13.19, 'Birthday themed Sonny Angel figure.'),
('Sonny Angel - Festival Series', 5, 14.99, 13.19, 'Festival themed Sonny Angel figure.'),
('Sonny Angel - Christmas Series', 5, 14.99, 13.19, 'Christmas themed Sonny Angel figure.'),
('Smiski - Glow in the Dark', 6, 9.99, 8.59, 'Glow in the dark Smiski figure.'),
('Smiski - Sitting', 6, 8.99, 7.73, 'Sitting Smiski figure.'),
('Smiski - Dancing', 6, 8.99, 7.73, 'Dancing Smiski figure.'),
('Smiski - Sleeping', 6, 8.99, 7.73, 'Sleeping Smiski figure.'),
('Smiski - Winter Edition', 6, 10.99, 9.45, 'Winter themed Smiski figure.'),
('Smiski - Summer Edition', 6, 10.99, 9.45, 'Summer themed Smiski figure.');

INSERT INTO Supplier (supplier_fname, supplier_lname, email, phone, address, supplier_rating) VALUES
('Andres', 'Martinez', 'andres.martinez@gmail.com', '(02) 8123-4567', '1234 Rizal Street, Quezon City, Metro Manila', 4.5),
('Maria', 'Garcia', 'maria.garcia@gmail.com', '(02) 8123-4568', '5678 Bonifacio Avenue, Makati City, Metro Manila', 3.2),
('Jose', 'Reyes', 'jose.reyes@gmail.com', '(02) 8123-4569', '9101 Luna Street, Pasig City, Metro Manila', 4.0),
('Lia', 'Cruz', 'lia.cruz@gmail.com', '(02) 8123-4570', '1213 Magsaysay Boulevard, Manila', 2.8),
('Juan', 'Dela Cruz', 'juan.delacruz@gmail.com', '(02) 8123-4571', '1415 Rizal Avenue, Cebu City', 3.6),
('Sofia', 'Bautista', 'sofia.bautista@gmail.com', '(02) 8123-4572', '1617 Josefa Street, Quezon City, Metro Manila', 4.9),
('Marco', 'Santos', 'marco.santos@gmail.com', '(02) 8123-4573', '1819 Villalobos Road, Taguig City', 4.1),
('Liza', 'Flores', 'liza.flores@gmail.com', '(02) 8123-4574', '2021 Quezon Avenue, San Juan', 3.7),
('Antonio', 'Morales', 'antonio.morales@gmail.com', '(02) 8123-4575', '2223 Padre Faura Street, Manila', 4.3),
('Angela', 'Villanueva', 'angela.villanueva@gmail.com', '(02) 8123-4576', '2425 Andres Bonifacio Avenue, Caloocan City', 2.5),
('Carlos', 'Alvarez', 'carlos.alvarez@gmail.com', '(02) 8123-4577', '2627 Dela Rosa Street, Makati', 3.1),
('Ella', 'Aguilar', 'ella.aguilar@gmail.com', '(02) 8123-4578', '2829 G. Tuazon Street, Quezon City', 4.4),
('Rafael', 'Ocampo', 'rafael.ocampo@gmail.com', '(02) 8123-4579', '3031 Alonzo Street, Manila', 1.9),
('Angelica', 'Pineda', 'angelica.pineda@gmail.com', '(02) 8123-4580', '3233 Estrada Avenue, Pasay City', 3.4),
('Leo', 'Rondona', 'leo.rondona@gmail.com', '(02) 8123-4581', '3435 Rizal Street, Bacolod', 4.7),
('Isabella', 'De Leon', 'isabella.deleon@gmail.com', '(02) 8123-4582', '3637 Lopez Jaena Street, Iloilo', 4.2),
('Martin', 'Natividad', 'martin.natividad@gmail.com', '(02) 8123-4583', '3839 San Pedro Street, Batangas', 2.3),
('Christine', 'Salvador', 'christine.salvador@gmail.com', '(02) 8123-4584', '4041 Quezon Boulevard, Cavite', 3.9),
('Noel', 'Santos', 'noel.santos@gmail.com', '(02) 8123-4585', '4243 Morales Road, Davao', 4.1),
('Ruth', 'Aguinaldo', 'ruth.aguinaldo@gmail.com', '(02) 8123-4586', '4445 Araneta Avenue, Manila', 4.8),
('Bong', 'Pineda', 'bong.pineda@gmail.com', '(02) 8123-4587', '4647 San Jose Street, Taguig', 2.6),
('Trisha', 'Alcantara', 'trisha.alcantara@gmail.com', '(02) 8123-4588', '4849 Nueva Ecija Road, Nueva Ecija', 3.5),
('Alvin', 'Torres', 'alvin.torres@gmail.com', '(02) 8123-4589', '5051 Taal Avenue, Batangas', 1.8),
('Yvette', 'Rosales', 'yvette.rosales@gmail.com', '(02) 8123-4590', '5253 Subic Bay Road, Zambales', 4.0),
('Kevin', 'Velasco', 'kevin.velasco@gmail.com', '(02) 8123-4591', '5455 Tarlac Street, Tarlac', 2.2),
('Wendy', 'Canto', 'wendy.canto@gmail.com', '(02) 8123-4592', '5657 Sta. Rosa Road, Laguna', 3.8),
('Patricia', 'Ibañez', 'patricia.ibanez@gmail.com', '(02) 8123-4593', '5859 Quezon Hill, Baguio', 4.4),
('Miguel', 'Bacani', 'miguel.bacani@gmail.com', '(02) 8123-4594', '6061 Abad Santos Avenue, Manila', 3.3),
('Cathy', 'Manalo', 'cathy.manalo@gmail.com', '(02) 8123-4595', '6263 La Salle Street, Bacoor', 2.9),
('Gerry', 'Macapagal', 'gerry.macapagal@gmail.com', '(02) 8123-4596', '6465 Rizal Hill, Bataan', 1.5),
('Nina', 'Velasquez', 'nina.velasquez@gmail.com', '(02) 8123-4597', '6667 Jose Abad Santos Avenue, San Fernando', 4.3),
('Ronnie', 'Limon', 'ronnie.limon@gmail.com', '(02) 8123-4598', '6869 Dela Torre Street, Angeles City', 3.0),
('Chloe', 'Fernando', 'chloe.fernando@gmail.com', '(02) 8123-4599', '7071 Ponce Street, Makati', 4.6),
('Ben', 'Chua', 'ben.chua@gmail.com', '(02) 8123-4600', '7273 Santiago Street, Quezon City', 3.8),
('Diana', 'Lim', 'diana.lim@gmail.com', '(02) 8123-4601', '7475 Dumaguete Road, Negros', 2.1),
('Eric', 'Panganiban', 'eric.panganiban@gmail.com', '(02) 8123-4602', '7677 Clark Avenue, Pampanga', 4.2),
('Leah', 'Tiongson', 'leah.tiongson@gmail.com', '(02) 8123-4603', '7879 La Union Road, La Union', 3.6),
('Rico', 'Valenzuela', 'rico.valenzuela@gmail.com', '(02) 8123-4604', '8081 Aurora Boulevard, Manila', 4.5),
('Lourdes', 'Riviera', 'lourdes.riviera@gmail.com', '(02) 8123-4605', '8283 Maginhawa Street, Quezon City', 2.8),
('Lino', 'Gonzales', 'lino.gonzales@gmail.com', '(02) 8123-4606', '8485 K-4 Street, Manila', 3.9),
('Lia', 'De Jesus', 'lia.dejesus@gmail.com', '(02) 8123-4607', '8687 M.H. Del Pilar Street, Quezon City', 4.0),
('Sam', 'Zamora', 'sam.zamora@gmail.com', '(02) 8123-4608', '8889 Hapag Kubo Avenue, Cebu City', 1.7),
('Tina', 'Mendoza', 'tina.mendoza@gmail.com', '(02) 8123-4609', '9090 Manila Bay Street, Manila', 3.4),
('Nico', 'Delos Santos', 'nico.delossantos@gmail.com', '(02) 8123-4610', '9292 Barangay Malaya, Rizal', 2.6),
('Ella', 'Sison', 'ella.sison@gmail.com', '(02) 8123-4611', '9494 Sampaguita Street, Batangas', 4.8),
('Pia', 'Noble', 'pia.noble@gmail.com', '(02) 8123-4612', '9696 Taal Vista Avenue, Tagaytay', 4.1),
('Rafael', 'Sumulong', 'rafael.sumulong@gmail.com', '(02) 8123-4613', '9898 Aldea Hill, Cavite', 3.5),
('Karla', 'Fernandez', 'karla.fernandez@gmail.com', '(02) 8123-4614', '10101 C. Raymundo Avenue, Pasig City', 2.2),
('Vince', 'Alba', 'vince.alba@gmail.com', '(02) 8123-4615', '11111 San Rafael Street, Quezon City', 4.3),
('Jade', 'Mabini', 'jade.mabini@gmail.com', '(02) 8123-4616', '12121 San Juanico Avenue, Manila', 3.8),
('Diego', 'Nuno', 'diego.nuno@gmail.com', '(02) 8123-4617', '13131 Subangdaku Street, Cebu City', 2.5),
('Jasmine', 'Alcantara', 'jasmine.alcantara@gmail.com', '(02) 8123-4618', '14141 Balay Ni Mayang Street, Batangas', 4.7),
('Chloe', 'Liu', 'chloe.liu@gmail.com', '(02) 8123-4619', '15151 Bagong Silang Road, Quezon City', 3.6),
('Philip', 'Wong', 'philip.wong@gmail.com', '(02) 8123-4620', '16161 Sitio Mahayag, Davao', 2.8),
('Nina', 'Chua', 'nina.chua@gmail.com', '(02) 8123-4621', '17171 Abada Street, Manila', 4.2),
('Alvin', 'Roxas', 'alvin.roxas@gmail.com', '(02) 8123-4622', '18181 Batasan Hills, Quezon City', 4.9),
('Samantha', 'Cimafranca', 'samantha.cimafranca@gmail.com', '(02) 8123-4623', '19191 Pansol Street, Calamba', 3.1),
('Dave', 'Pia', 'dave.pia@gmail.com', '(02) 8123-4624', '20202 De La Paz Street, Manila', 2.5),
('Karla', 'Gonzalez', 'karla.gonzalez@gmail.com', '(02) 8123-4625', '21212 San Antonio Village, Makati City', 1.6),
('Melanie', 'Ayala', 'melanie.ayala@gmail.com', '(02) 8123-4626', '22222 Marikina River Road, Marikina', 4.5),
('Fernando', 'Salazar', 'fernando.salazar@gmail.com', '(02) 8123-4627', '23232 Mindanao Avenue, Quezon City', 3.7),
('Kathy', 'Ponce', 'kathy.ponce@gmail.com', '(02) 8123-4628', '24242 Hermosa Street, Pampanga', 4.4),
('Rick', 'Salas', 'rick.salas@gmail.com', '(02) 8123-4629', '25252 Remedios Street, Manila', 2.9),
('May', 'Rivera', 'may.rivera@gmail.com', '(02) 8123-4630', '26262 Flores Avenue, Quezon City', 1.4),
('Winston', 'Santos', 'winston.santos@gmail.com', '(02) 8123-4631', '27272 11th Avenue, Makati', 4.3),
('Cherry', 'Santiago', 'cherry.santiago@gmail.com', '(02) 8123-4632', '28282 7th Street, Manila', 2.6),
('Elijah', 'Montalbo', 'elijah.montalbo@gmail.com', '(02) 8123-4633', '29292 9th Avenue, Makati', 3.5),
('Trisha', 'Pangalangan', 'trisha.pangalangan@gmail.com', '(02) 8123-4634', '30303 Palanas Street, Baguio', 1.8),
('Ariana', 'Villafuerte', 'ariana.villafuerte@gmail.com', '(02) 8123-4635', '31313 Sultan Kudarat, Cotabato', 4.6),
('Miguel', 'Estrella', 'miguel.estrella@gmail.com', '(02) 8123-4636', '32323 Magsaysay Avenue, Caloocan City', 3.3),
('Jade', 'Rafael', 'jade.rafael@gmail.com', '(02) 8123-4637', '33333 Albay Avenue, Legaspi', 2.4),
('Ella', 'Panganiban', 'ella.panganiban@gmail.com', '(02) 8123-4638', '34343 Bayani Road, Manila', 1.2),
('Clara', 'Ricardo', 'clara.ricardo@gmail.com', '(02) 8123-4639', '35353 Rizal Avenue, Antipolo', 4.8);


INSERT INTO SupplierOrderInfo (supplier_id, order_date, manufacturer_id, total_amount, status) VALUES
(15, '2024-10-01', 5, 38.97, 'Completed'),
(7, '2024-10-02', 1, 74.97, 'Pending'),
(42, '2024-10-03', 2, 89.97, 'Completed'),
(31, '2024-10-04', 4, 29.97, 'Completed'),
(63, '2024-10-05', 3, 45.97, 'Cancelled'),
(12, '2024-10-06', 6, 29.97, 'Completed'),
(29, '2024-10-07', 1, 59.97, 'Pending'),
(5, '2024-10-08', 2, 19.99, 'Completed'),
(36, '2024-10-09', 3, 89.99, 'Completed'),
(21, '2024-10-10', 5, 49.99, 'Pending'),
(48, '2024-10-11', 1, 44.97, 'Completed'),
(3, '2024-10-12', 4, 99.97, 'Cancelled'),
(58, '2024-10-13', 2, 54.99, 'Pending'),
(24, '2024-10-14', 3, 34.99, 'Completed'),
(64, '2024-10-15', 6, 28.99, 'Pending'),
(40, '2024-10-16', 5, 57.97, 'Completed'),
(8, '2024-10-17', 1, 39.99, 'Completed'),
(26, '2024-10-18', 4, 45.97, 'Pending'),
(9, '2024-10-19', 2, 64.99, 'Completed'),
(37, '2024-10-20', 3, 19.97, 'Cancelled'),
(18, '2024-10-21', 5, 89.99, 'Completed'),
(73, '2024-10-22', 6, 34.97, 'Pending'),
(54, '2024-10-23', 1, 109.97, 'Completed'),
(33, '2024-10-24', 4, 44.97, 'Completed'),
(45, '2024-10-25', 3, 29.99, 'Cancelled'),
(2, '2024-10-26', 6, 25.99, 'Completed'),
(13, '2024-10-27', 1, 69.99, 'Pending'),
(50, '2024-10-28', 2, 39.99, 'Completed'),
(14, '2024-10-29', 5, 104.97, 'Completed'),
(38, '2024-10-30', 4, 39.99, 'Pending'),
(6, '2024-10-31', 6, 45.97, 'Cancelled'),
(19, '2024-11-01', 1, 129.99, 'Completed'),
(65, '2024-11-02', 2, 89.97, 'Pending'),
(11, '2024-11-03', 3, 69.97, 'Completed'),
(53, '2024-11-04', 5, 89.99, 'Completed'),
(27, '2024-11-05', 6, 59.99, 'Pending'),
(66, '2024-11-06', 1, 49.99, 'Completed'),
(4, '2024-11-07', 2, 19.99, 'Cancelled'),
(32, '2024-11-08', 3, 99.99, 'Completed'),
(72, '2024-11-09', 5, 49.99, 'Completed'),
(25, '2024-11-10', 4, 28.99, 'Pending'),
(16, '2024-11-11', 6, 34.97, 'Completed'),
(67, '2024-11-12', 1, 94.97, 'Cancelled'),
(20, '2024-11-13', 2, 59.99, 'Completed'),
(52, '2024-11-14', 3, 89.99, 'Completed'),
(35, '2024-11-15', 5, 39.99, 'Pending');


INSERT INTO SupplierOrderItem (supplier_order_id, item_id, quantity, price_at_order) VALUES
(1, 53, 3, 12.99),
(1, 54, 1, 12.99),
(2, 1, 2, 29.99),
(2, 5, 1, 25.99),
(3, 18, 1, 24.99),
(3, 22, 2, 19.99),
(3, 26, 1, 29.99),
(4, 43, 1, 29.99),
(5, 31, 2, 14.99),
(5, 35, 1, 19.99),
(5, 37, 1, 29.99),
(6, 62, 2, 8.99),
(6, 65, 1, 10.99),
(7, 8, 2, 34.99),
(7, 12, 1, 24.99),
(8, 24, 1, 8.99),
(9, 31, 2, 14.99),
(9, 33, 3, 6.99),
(10, 57, 2, 14.99),
(10, 59, 1, 14.99),
(11, 11, 3, 19.99),
(12, 44, 2, 19.99),
(13, 17, 1, 299.99),
(13, 20, 2, 49.99),
(13, 19, 1, 9.99),
(14, 40, 1, 10.99),
(15, 62, 3, 8.99),
(16, 54, 1, 12.99),
(16, 56, 2, 14.99),
(17, 8, 2, 34.99),
(18, 46, 1, 12.99),
(18, 48, 3, 6.99),
(19, 23, 1, 12.99),
(20, 39, 3, 4.99),
(20, 38, 1, 9.99),
(21, 55, 1, 19.99),
(21, 59, 2, 14.99),
(22, 66, 3, 10.99),
(23, 9, 2, 27.99),
(23, 12, 1, 24.99),
(24, 41, 2, 15.99),
(24, 40, 3, 10.99),
(25, 37, 2, 29.99),
(26, 65, 1, 10.99),
(26, 66, 2, 10.99),
(27, 7, 1, 22.99),
(27, 13, 1, 54.99),
(28, 23, 3, 12.99),
(29, 57, 2, 14.99),
(30, 53, 3, 12.99),
(31, 6, 2, 64.99),
(31, 36, 1, 18.99),
(32, 24, 3, 8.99),
(33, 30, 1, 19.99),
(33, 25, 2, 39.99),
(34, 50, 2, 18.99),
(34, 38, 1, 9.99),
(35, 49, 1, 5.99),
(36, 27, 2, 24.99),
(37, 3, 1, 74.99),
(37, 5, 2, 25.99),
(38, 22, 1, 19.99),
(38, 19, 2, 9.99),
(39, 12, 3, 24.99),
(40, 14, 1, 22.99),
(40, 17, 2, 299.99),
(41, 33, 3, 6.99),
(41, 36, 2, 18.99),
(42, 45, 1, 8.99),
(42, 47, 1, 24.99),
(43, 61, 2, 9.99),
(44, 53, 2, 12.99),
(45, 44, 1, 19.99),
(46, 7, 2, 22.99),
(46, 4, 1, 199.99),
(46, 21, 1, 14.99);


INSERT INTO Inventory (item_id, supplier_id, quantity,price) VALUES
(15,40,22,62.99),
(2,33,13,20.99),
(50,14,48,19.94),
(18,69,35,26.24),
(27,7,24,26.24),
(10,52,11,94.49),
(38,59,50,10.49),
(42,20,4,16.79),
(31,16,18,15.74),
(6,26,8,68.24),
(12,36,30,25.49),
(65,61,19,11.21),
(21,47,14,15.29),
(54,41,45,13.25),
(8,6,38,35.69),
(30,55,5,20.39),
(45,13,26,9.17),
(3,11,7,76.49),
(59,22,39,15.29),
(1,19,40,30.59),
(35,44,17,20.39),
(57,3,9,15.29),
(26,35,29,30.59),
(11,54,10,20.39),
(25,8,23,47.99),
(14,25,16,27.59),
(47,43,41,29.99),
(63,12,36,10.79),
(23,68,25,15.59),
(52,2,32,15.59),
(40,70,6,13.19),
(7,46,42,27.59),
(33,24,15,8.39),
(56,5,34,17.99),
(4,62,27,239.99),
(19,50,31,11.99),
(9,32,20,33.59),
(64,58,3,10.79),
(20,28,21,59.99),
(44,37,49,23.99),
(66,4,28,13.19),
(28,65,43,107.99),
(13,15,12,65.99),
(36,1,10,22.79),
(39,60,44,5.99),
(16,66,22,7.19),
(43,53,47,35.99),
(48,9,33,7.76),
(22,48,6,22.19),
(34,64,31,14.42),
(17,30,5,332.99),
(29,31,37,55.49),
(55,45,46,22.19),
(41,21,24,17.75),
(62,39,18,9.98),
(24,57,13,9.98),
(5,29,50,28.85),
(58,10,27,16.64),
(37,67,4,33.29),
(60,42,23,16.64),
(53,51,15,14.42),
(49,17,8,6.65),
(61,34,21,11.09),
(32,49,35,16.64),
(46,18,9,14.42),
(51,63,2,11.09),
(66,27,41,12.2),
(15,55,30,66.59),
(12,6,48,27.74),
(50,43,19,21.08),
(3,14,39,81.74),
(59,62,10,16.34),
(8,4,16,38.14),
(33,25,22,7.62),
(26,53,31,32.69),
(45,9,14,9.8),
(14,56,12,25.06),
(40,13,7,11.98),
(35,60,46,21.79),
(9,30,20,30.51),
(20,12,42,54.49),
(54,22,15,14.16),
(5,23,29,28.33),
(30,61,5,21.79),
(28,2,11,98.09),
(65,67,40,11.98),
(11,45,27,21.79),
(31,58,8,16.34),
(21,15,13,16.34),
(47,48,18,27.24),
(55,17,36,21.79),
(25,32,6,43.59),
(61,10,28,10.89),
(41,11,21,16.79),
(7,41,49,24.14),
(39,64,26,5.24),
(44,18,9,20.99),
(63,16,25,9.44),
(13,66,44,57.74),
(37,54,12,31.49),
(48,5,32,7.34),
(2,26,14,20.99),
(19,8,34,10.49),
(24,49,20,9.44),
(43,24,45,31.49),
(56,3,33,15.74),
(16,38,23,6.29),
(27,63,31,26.24),
(1,57,22,31.49),
(10,35,11,94.49),
(46,19,17,13.64),
(52,46,50,13.64),
(60,21,8,15.74),
(42,65,30,16.79),
(18,42,47,26.24),
(6,50,4,69.54),
(53,40,43,13.9),
(36,33,16,20.32),
(34,7,3,13.9),
(22,56,39,21.39),
(58,27,5,16.04),
(32,59,28,16.04),
(49,28,12,6.41),
(4,39,38,213.99),
(64,14,19,9.62),
(66,37,6,11.76),
(23,47,10,13.9),
(15,60,17,64.19),
(29,29,2,53.49),
(33,34,50,7.48),
(12,20,24,26.74),
(62,23,14,9.62),
(50,52,42,20.32),
(39,13,15,5.34),
(54,31,27,13.9),
(35,4,18,21.39),
(60,51,30,16.04),
(8,43,9,37.44),
(25,64,20,42.79),
(57,55,11,16.04),
(51,45,40,10.69),
(30,26,13,21.39),
(5,53,3,27.81),
(42,66,32,17.11),
(20,36,25,53.49),
(28,6,7,96.29),
(61,67,44,11.49),
(38,46,6,11.49),
(48,19,29,8.04),
(17,32,34,344.99),
(11,11,23,22.99),
(58,3,49,17.24),
(65,17,45,12.64),
(19,65,18,11.49),
(55,15,31,22.99),
(31,1,22,17.24),
(46,44,10,14.94),
(40,58,21,12.64),
(18,5,28,26.49),
(14,9,16,24.37),
(21,56,39,15.89),
(7,12,27,24.37),
(59,52,33,15.89),
(26,40,14,31.79),
(34,42,3,13.77),
(1,66,46,31.79),
(52,38,15,13.77),
(41,60,5,16.95),
(66,25,8,11.65),
(9,48,35,29.67),
(13,63,7,58.29),
(45,30,17,9.53),
(32,20,24,15.89),
(4,21,50,211.99),
(44,7,9,21.19),
(36,55,4,20.13),
(16,18,11,6.35),
(53,33,43,13.77),
(24,57,6,9.53),
(29,45,41,52.99),
(63,28,12,9.53),
(11,14,26,21.19),
(47,61,2,27.49),
(38,54,25,10.99),
(27,50,48,27.49),
(3,35,20,82.49),
(43,64,19,32.99),
(58,41,40,16.49),
(17,2,34,329.99),
(6,22,18,71.49),
(54,36,29,14.29),
(10,62,10,98.99),
(49,13,1,6.59),
(64,23,42,9.89),
(21,8,37,16.49),
(20,47,7,54.99),
(57,16,6,16.49),
(62,51,3,9.89),
(15,34,15,65.99),
(37,42,28,29.99),
(50,39,24,18.99),
(56,31,33,14.99),
(12,4,5,24.99),
(39,53,27,4.99),
(23,58,32,12.99),
(60,46,36,14.99),
(35,43,13,19.99),
(51,5,50,9.99),
(22,66,14,19.99),
(42,6,11,15.99),
(26,64,9,29.99),
(55,25,22,19.99),
(31,15,41,14.99),
(19,10,45,9.99),
(65,12,2,10.99),
(30,59,17,19.99),
(18,19,38,28.24),
(14,60,47,25.98),
(28,49,31,101.69),
(9,38,39,31.63),
(59,27,25,16.94),
(48,52,10,7.9),
(2,48,40,22.59),
(33,24,6,7.9),
(41,17,16,18.07),
(13,62,18,62.14),
(53,1,26,14.68);

INSERT INTO ShoppingCart (customer_id, inventory_entry_id, quantity) VALUES
(1, 60, 13),
(98, 74, 34),
(45, 163, 72),
(23, 217, 21),
(88, 44, 45),
(60, 137, 8),
(34, 10, 62),
(19, 58, 37),
(78, 54, 49),
(2, 70, 18),
(51, 154, 57),
(69, 208, 7),
(15, 149, 29),
(42, 49, 66),
(3, 139, 3),
(57, 122, 54),
(39, 196, 27),
(8, 177, 70),
(61, 123, 42),
(11, 30, 15),
(71, 20, 55),
(6, 13, 22),
(49, 16, 48),
(90, 178, 60),
(33, 27, 40),
(12, 19, 73),
(85, 211, 32),
(27, 177, 67),
(5, 133, 17),
(63, 146, 28),
(70, 67, 53),
(14, 147, 43),
(44, 201, 11),
(36, 145, 5),
(81, 213, 26),
(9, 111, 47),
(22, 30, 58),
(56, 74, 6),
(67, 34, 24),
(31, 88, 63),
(64, 59, 39),
(25, 97, 68),
(4, 208, 44),
(58, 35, 50),
(77, 165, 16),
(50, 178, 30),
(38, 20, 61),
(93, 154, 36),
(18, 33, 19),
(73, 137, 59),
(29, 19, 4),
(35, 15, 71),
(83, 97, 35),
(7, 95, 2),
(59, 163, 13),
(20, 99, 56),
(32, 9, 41),
(76, 208, 9),
(91, 187, 25),
(30, 166, 52),
(47, 77, 10),
(28, 117, 14),
(55, 80, 46),
(84, 3, 20),
(41, 218, 64),
(62, 204, 51),
(10, 181, 12),
(46, 205, 69),
(21, 143, 33),
(17, 70, 38),
(74, 185, 42),
(53, 108, 23),
(66, 215, 31),
(1, 23, 53),
(48, 62, 15),
(92, 130, 54),
(24, 23, 70),
(80, 54, 7),
(37, 209, 39),
(65, 191, 62),
(43, 141, 57),
(72, 180, 48),
(52, 63, 2),
(68, 223, 66),
(16, 217, 32),
(95, 9, 22),
(13, 117, 28),
(54, 105, 50),
(89, 147, 34),
(40, 205, 25),
(75, 100, 61),
(26, 219, 73),
(82, 169, 60),
(97, 110, 45),
(87, 214, 8),
(60, 207, 12),
(3, 40, 64),
(96, 22, 19),
(79, 160, 18),
(11, 24, 30),
(5, 139, 16),
(67, 203, 44),
(93, 69, 26),
(90, 31, 5),
(50, 130, 11),
(12, 69, 47),
(38, 54, 41),
(70, 120, 33),
(1, 89, 55),
(63, 177, 69),
(32, 213, 23),
(86, 147, 53),
(47, 222, 3),
(28, 21, 36),
(15, 41, 49),
(58, 79, 27),
(42, 27, 35),
(39, 32, 9),
(68, 210, 20),
(76, 7, 58),
(30, 129, 63),
(20, 149, 14),
(69, 30, 8),
(84, 18, 21),
(57, 3, 32),
(7, 87, 72),
(37, 132, 4),
(93, 33, 15),
(53, 118, 42),
(94, 87, 66),
(14, 112, 6),
(64, 110, 17),
(22, 10, 43),
(75, 188, 48),
(18, 49, 56),
(80, 136, 31),
(47, 14, 51),
(34, 47, 13),
(92, 6, 10),
(29, 170, 40),
(26, 128, 71),
(5, 65, 59),
(66, 155, 28),
(9, 130, 60),
(1, 20, 7),
(73, 52, 34),
(65, 63, 11),
(54, 204, 50),
(85, 152, 53),
(13, 39, 44),
(88, 92, 2),
(56, 219, 64),
(41, 61, 22),
(99, 75, 57),
(72, 174, 45),
(46, 192, 24),
(19, 63, 39),
(49, 19, 73),
(61, 214, 19),
(83, 97, 54),
(2, 143, 16),
(35, 174, 60),
(21, 225, 67),
(8, 120, 47),
(82, 10, 5),
(25, 220, 55),
(58, 84, 30),
(16, 188, 41),
(40, 212, 29),
(67, 209, 68),
(31, 167, 36),
(3, 223, 35),
(23, 142, 33),
(50, 24, 62),
(60, 197, 18),
(43, 37, 20),
(78, 111, 66),
(96, 165, 27),
(15, 51, 4),
(44, 72, 58),
(14, 214, 52),
(69, 145, 8),
(100, 94, 23);

-- Updated
INSERT INTO Wishlist (customer_id, inventory_entry_id) VALUES
(1, 60),
(98, 74),
(45, 163),
(23, 217),
(88, 44),
(60, 137),
(34, 10),
(19, 58),
(78, 54),
(2, 70),
(51, 154),
(69, 208),
(15, 149),
(42, 49),
(3, 139),
(57, 122),
(39, 196),
(8, 177),
(61, 123),
(11, 30),
(71, 20),
(6, 13),
(49, 16),
(90, 178),
(33, 27),
(12, 19),
(85, 211),
(27, 177),
(5, 133),
(63, 146),
(70, 67),
(14, 147),
(44, 201),
(36, 145),
(81, 213),
(9, 111),
(22, 30),
(56, 74),
(67, 34),
(31, 88),
(64, 59),
(25, 97),
(4, 208),
(58, 35),
(77, 165),
(50, 178),
(38, 20),
(93, 154),
(18, 33),
(73, 137),
(29, 19),
(35, 15),
(83, 97),
(7, 95),
(59, 163),
(20, 99),
(32, 9),
(76, 208),
(91, 187),
(30, 166),
(47, 77),
(28, 117),
(55, 80),
(84, 3),
(41, 218),
(62, 204),
(10, 181),
(46, 205),
(21, 143),
(17, 70),
(74, 185),
(53, 108),
(66, 215),
(1, 23),
(48, 62),
(92, 130),
(24, 23),
(80, 54),
(37, 209),
(65, 191),
(43, 141),
(72, 180),
(52, 63),
(68, 223),
(16, 217),
(95, 9),
(13, 117),
(54, 105),
(89, 147),
(40, 205),
(75, 100),
(26, 219),
(82, 169),
(97, 110),
(87, 214),
(60, 207),
(3, 40),
(96, 22),
(79, 160),
(11, 24),
(5, 139),
(67, 203),
(93, 69),
(90, 31),
(50, 130),
(12, 69),
(38, 54),
(70, 120),
(1, 89),
(63, 177),
(32, 213),
(86, 147),
(47, 222),
(28, 21),
(15, 41),
(58, 79),
(42, 27),
(39, 32),
(68, 210),
(76, 7),
(30, 129),
(20, 149),
(69, 30),
(84, 18),
(57, 3),
(7, 87),
(37, 132),
(93, 33),
(53, 118),
(94, 87),
(14, 112),
(64, 110),
(22, 10),
(75, 188),
(18, 49),
(80, 136),
(47, 14),
(34, 47),
(92, 6),
(29, 170),
(26, 128),
(5, 65),
(66, 155),
(9, 130),
(1, 20),
(73, 52),
(65, 63),
(54, 204),
(85, 152),
(13, 39),
(88, 92),
(56, 219),
(41, 61),
(99, 75),
(72, 174),
(46, 192),
(19, 63),
(49, 19),
(61, 214),
(83, 97),
(2, 143),
(35, 174),
(21, 225),
(8, 120),
(82, 10),
(25, 220),
(58, 84),
(16, 188),
(40, 212),
(67, 209),
(31, 167),
(3, 223),
(23, 142),
(50, 24),
(60, 197),
(43, 37),
(78, 111),
(96, 165),
(15, 51),
(44, 72),
(14, 214),
(69, 145),
(100, 94);


    


SELECT * FROM logincredentials;
SELECT * FROM manufacturer;
SELECT * FROM customer;
SELECT * FROM inventory;
SELECT * FROM item;
SELECT * FROM buyerorderinfo;
SELECT * FROM buyerorderitem;
SELECT * FROM shoppingcart;
SELECT * FROM shoppingcart s
LEFT JOIN inventory i ON i.inventory_entry_id = s.inventory_entry_id;
SELECT * FROM supplierorderinfo;
SELECT * FROM supplierorderitem;
SELECT * FROM supplier;
SELECT * FROM wishlist;
